,precision,recall,f1-score,support
Negatif,0.8059701492537313,0.75,0.776978417266187,72.0
Netral,0.7045454545454546,0.7654320987654321,0.7337278106508877,81.0
Positif,0.8977777777777778,0.8898678414096917,0.8938053097345133,227.0
accuracy,0.8368421052631579,0.8368421052631579,0.8368421052631579,0.8368421052631579
macro avg,0.8027644605256546,0.8017666467250413,0.8015038458838627,380.0
weighted avg,0.8391936529473842,0.8368421052631579,0.8375479053042681,380.0
